public_filename	dataset	public_class_label	original_clip_id	title	creator	source_url	license_name	changes
ESC-50_1-18631-A-23_0.441_1.509_sr16000.wav	ESC-50	Breathing	1-18631-A.ogg	female deep breathing.aif	Walter_Odington	http://www.freesound.org/people/Walter_Odington/sounds/18631/	CC0	cropped/segmented from ESC-50 source audio; resampled to 16 kHz; used as source material for synthetic soundscape generation
ESC-50_1-18631-A-23_1.776_2.032_sr16000.wav	ESC-50	Breathing	1-18631-A.ogg	female deep breathing.aif	Walter_Odington	http://www.freesound.org/people/Walter_Odington/sounds/18631/	CC0	cropped/segmented from ESC-50 source audio; resampled to 16 kHz; used as source material for synthetic soundscape generation
ESC-50_1-18631-A-23_2.183_2.624_sr16000.wav	ESC-50	Breathing	1-18631-A.ogg	female deep breathing.aif	Walter_Odington	http://www.freesound.org/people/Walter_Odington/sounds/18631/	CC0	cropped/segmented from ESC-50 source audio; resampled to 16 kHz; used as source material for synthetic soundscape generation
ESC-50_1-18631-A-23_2.961_3.680_sr16000.wav	ESC-50	Breathing	1-18631-A.ogg	female deep breathing.aif	Walter_Odington	http://www.freesound.org/people/Walter_Odington/sounds/18631/	CC0	cropped/segmented from ESC-50 source audio; resampled to 16 kHz; used as source material for synthetic soundscape generation
ESC-50_1-18631-A-23_3.889_4.992_sr16000.wav	ESC-50	Breathing	1-18631-A.ogg	female deep breathing.aif	Walter_Odington	http://www.freesound.org/people/Walter_Odington/sounds/18631/	CC0	cropped/segmented from ESC-50 source audio; resampled to 16 kHz; used as source material for synthetic soundscape generation
ESC-50_1-30709-A-23_0.023_5.000_sr16000.wav	ESC-50	Breathing	1-30709-A.ogg	breath.wav	UncleSigmund	http://www.freesound.org/people/UncleSigmund/sounds/30709/	CC0	cropped/segmented from ESC-50 source audio; resampled to 16 kHz; used as source material for synthetic soundscape generation
ESC-50_1-30709-B-23_0.104_5.000_sr16000.wav	ESC-50	Breathing	1-30709-B.ogg	breath.wav	UncleSigmund	http://www.freesound.org/people/UncleSigmund/sounds/30709/	CC0	cropped/segmented from ESC-50 source audio; resampled to 16 kHz; used as source material for synthetic soundscape generation
ESC-50_1-30709-C-23_0.000_5.000_sr16000.wav	ESC-50	Breathing	1-30709-C.ogg	breath.wav	UncleSigmund	http://www.freesound.org/people/UncleSigmund/sounds/30709/	CC0	cropped/segmented from ESC-50 source audio; resampled to 16 kHz; used as source material for synthetic soundscape generation
ESC-50_1-36393-A-23_0.499_1.103_sr16000.wav	ESC-50	Breathing	1-36393-A.ogg	breaths_solo1.aif	thanvannispen	http://www.freesound.org/people/thanvannispen/sounds/36393/	CC-BY	cropped/segmented from ESC-50 source audio; resampled to 16 kHz; used as source material for synthetic soundscape generation
ESC-50_1-36397-A-23_0.000_2.194_sr16000.wav	ESC-50	Breathing	1-36397-A.ogg	breaths_solo4.aif	thanvannispen	http://www.freesound.org/people/thanvannispen/sounds/36397/	CC-BY	cropped/segmented from ESC-50 source audio; resampled to 16 kHz; used as source material for synthetic soundscape generation
ESC-50_1-36400-A-23_0.163_0.998_sr16000.wav	ESC-50	Breathing	1-36400-A.ogg	breaths_solo7.aif	thanvannispen	http://www.freesound.org/people/thanvannispen/sounds/36400/	CC-BY	cropped/segmented from ESC-50 source audio; resampled to 16 kHz; used as source material for synthetic soundscape generation
ESC-50_1-36402-A-23_0.186_1.231_sr16000.wav	ESC-50	Breathing	1-36402-A.ogg	breaths_solo9.aif	thanvannispen	http://www.freesound.org/people/thanvannispen/sounds/36402/	CC-BY	cropped/segmented from ESC-50 source audio; resampled to 16 kHz; used as source material for synthetic soundscape generation
ESC-50_2-50774-A-23_0.023_1.869_sr16000.wav	ESC-50	Breathing	2-50774-A.ogg	breath2.ogg	smcameron	http://www.freesound.org/people/smcameron/sounds/50774/	CC-BY	cropped/segmented from ESC-50 source audio; resampled to 16 kHz; used as source material for synthetic soundscape generation
ESC-50_2-54961-A-23_0.000_3.077_sr16000.wav	ESC-50	Breathing	2-54961-A.ogg	Breath Human Sci.wav	cidchili	http://www.freesound.org/people/cidchili/sounds/54961/	CC0	cropped/segmented from ESC-50 source audio; resampled to 16 kHz; used as source material for synthetic soundscape generation
ESC-50_2-54962-A-23_0.058_2.554_sr16000.wav	ESC-50	Breathing	2-54962-A.ogg	Breath human Sci2.wav	cidchili	http://www.freesound.org/people/cidchili/sounds/54962/	CC0	cropped/segmented from ESC-50 source audio; resampled to 16 kHz; used as source material for synthetic soundscape generation
ESC-50_2-66205-A-23_0.000_1.324_sr16000.wav	ESC-50	Breathing	2-66205-A.ogg	Breathe01.wav	JCH321	http://www.freesound.org/people/JCH321/sounds/66205/	CC-BY	cropped/segmented from ESC-50 source audio; resampled to 16 kHz; used as source material for synthetic soundscape generation
ESC-50_2-82455-A-23_0.000_5.000_sr16000.wav	ESC-50	Breathing	2-82455-A.ogg	01315 tunnel breath.wav	Robinhood76	http://www.freesound.org/people/Robinhood76/sounds/82455/	CC-BY-NC	cropped/segmented from ESC-50 source audio; resampled to 16 kHz; used as source material for synthetic soundscape generation
ESC-50_2-84965-A-23_0.000_5.000_sr16000.wav	ESC-50	Breathing	2-84965-A.ogg	breath ambiance.wav	Ebrown15	http://www.freesound.org/people/Ebrown15/sounds/84965/	CC-Sampling+	cropped/segmented from ESC-50 source audio; resampled to 16 kHz; used as source material for synthetic soundscape generation
ESC-50_2-95567-A-23_0.000_5.000_sr16000.wav	ESC-50	Breathing	2-95567-A.ogg	breathing_female.wav	Kuroseishin	http://www.freesound.org/people/Kuroseishin/sounds/95567/	CC0	cropped/segmented from ESC-50 source audio; resampled to 16 kHz; used as source material for synthetic soundscape generation
ESC-50_2-98392-A-23_0.000_2.357_sr16000.wav	ESC-50	Breathing	2-98392-A.ogg	Breath 06.wav	The Baron	http://www.freesound.org/people/The%20Baron/sounds/98392/	CC-BY	cropped/segmented from ESC-50 source audio; resampled to 16 kHz; used as source material for synthetic soundscape generation
ESC-50_3-108160-A-23_0.000_5.000_sr16000.wav	ESC-50	Breathing	3-108160-A.ogg	Breath_Woman.wav	audione	http://www.freesound.org/people/audione/sounds/108160/	CC0	cropped/segmented from ESC-50 source audio; resampled to 16 kHz; used as source material for synthetic soundscape generation
ESC-50_3-112557-A-23_0.012_0.882_sr16000.wav	ESC-50	Breathing	3-112557-A.ogg	Frightened Breathing.aiff	nickrave	http://www.freesound.org/people/nickrave/sounds/112557/	CC0	cropped/segmented from ESC-50 source audio; resampled to 16 kHz; used as source material for synthetic soundscape generation
ESC-50_3-112557-A-23_2.566_5.000_sr16000.wav	ESC-50	Breathing	3-112557-A.ogg	Frightened Breathing.aiff	nickrave	http://www.freesound.org/people/nickrave/sounds/112557/	CC0	cropped/segmented from ESC-50 source audio; resampled to 16 kHz; used as source material for synthetic soundscape generation
ESC-50_3-112557-B-23_0.000_1.916_sr16000.wav	ESC-50	Breathing	3-112557-B.ogg	Frightened Breathing.aiff	nickrave	http://www.freesound.org/people/nickrave/sounds/112557/	CC0	cropped/segmented from ESC-50 source audio; resampled to 16 kHz; used as source material for synthetic soundscape generation
ESC-50_3-144128-A-23_0.604_1.881_sr16000.wav	ESC-50	Breathing	3-144128-A.ogg	Women breath. Desirable. Dry+Reverb	Pashee	http://www.freesound.org/people/Pashee/sounds/144128/	CC-BY	cropped/segmented from ESC-50 source audio; resampled to 16 kHz; used as source material for synthetic soundscape generation
ESC-50_3-144128-A-23_2.113_3.100_sr16000.wav	ESC-50	Breathing	3-144128-A.ogg	Women breath. Desirable. Dry+Reverb	Pashee	http://www.freesound.org/people/Pashee/sounds/144128/	CC-BY	cropped/segmented from ESC-50 source audio; resampled to 16 kHz; used as source material for synthetic soundscape generation
ESC-50_3-144128-A-23_3.448_5.000_sr16000.wav	ESC-50	Breathing	3-144128-A.ogg	Women breath. Desirable. Dry+Reverb	Pashee	http://www.freesound.org/people/Pashee/sounds/144128/	CC-BY	cropped/segmented from ESC-50 source audio; resampled to 16 kHz; used as source material for synthetic soundscape generation
ESC-50_3-144128-B-23_0.000_1.033_sr16000.wav	ESC-50	Breathing	3-144128-B.ogg	Women breath. Desirable. Dry+Reverb	Pashee	http://www.freesound.org/people/Pashee/sounds/144128/	CC-BY	cropped/segmented from ESC-50 source audio; resampled to 16 kHz; used as source material for synthetic soundscape generation
ESC-50_3-144128-B-23_1.393_2.659_sr16000.wav	ESC-50	Breathing	3-144128-B.ogg	Women breath. Desirable. Dry+Reverb	Pashee	http://www.freesound.org/people/Pashee/sounds/144128/	CC-BY	cropped/segmented from ESC-50 source audio; resampled to 16 kHz; used as source material for synthetic soundscape generation
ESC-50_3-144128-B-23_2.891_3.947_sr16000.wav	ESC-50	Breathing	3-144128-B.ogg	Women breath. Desirable. Dry+Reverb	Pashee	http://www.freesound.org/people/Pashee/sounds/144128/	CC-BY	cropped/segmented from ESC-50 source audio; resampled to 16 kHz; used as source material for synthetic soundscape generation
ESC-50_3-144128-B-23_4.238_5.000_sr16000.wav	ESC-50	Breathing	3-144128-B.ogg	Women breath. Desirable. Dry+Reverb	Pashee	http://www.freesound.org/people/Pashee/sounds/144128/	CC-BY	cropped/segmented from ESC-50 source audio; resampled to 16 kHz; used as source material for synthetic soundscape generation
ESC-50_3-151206-A-23_0.000_1.939_sr16000.wav	ESC-50	Breathing	3-151206-A.ogg	Female Breathing heavily	OwlStorm	http://www.freesound.org/people/OwlStorm/sounds/151206/	CC-BY	cropped/segmented from ESC-50 source audio; resampled to 16 kHz; used as source material for synthetic soundscape generation
ESC-50_3-151206-A-23_2.113_5.000_sr16000.wav	ESC-50	Breathing	3-151206-A.ogg	Female Breathing heavily	OwlStorm	http://www.freesound.org/people/OwlStorm/sounds/151206/	CC-BY	cropped/segmented from ESC-50 source audio; resampled to 16 kHz; used as source material for synthetic soundscape generation
ESC-50_3-166125-A-23_0.000_0.685_sr16000.wav	ESC-50	Breathing	3-166125-A.ogg	Breathing_scared.wav	Adam_N	http://www.freesound.org/people/Adam_N/sounds/166125/	CC0	cropped/segmented from ESC-50 source audio; resampled to 16 kHz; used as source material for synthetic soundscape generation
ESC-50_3-166125-A-23_0.906_2.450_sr16000.wav	ESC-50	Breathing	3-166125-A.ogg	Breathing_scared.wav	Adam_N	http://www.freesound.org/people/Adam_N/sounds/166125/	CC0	cropped/segmented from ESC-50 source audio; resampled to 16 kHz; used as source material for synthetic soundscape generation
ESC-50_3-166125-A-23_2.856_4.029_sr16000.wav	ESC-50	Breathing	3-166125-A.ogg	Breathing_scared.wav	Adam_N	http://www.freesound.org/people/Adam_N/sounds/166125/	CC0	cropped/segmented from ESC-50 source audio; resampled to 16 kHz; used as source material for synthetic soundscape generation
ESC-50_3-166125-B-23_0.789_1.985_sr16000.wav	ESC-50	Breathing	3-166125-B.ogg	Breathing_scared.wav	Adam_N	http://www.freesound.org/people/Adam_N/sounds/166125/	CC0	cropped/segmented from ESC-50 source audio; resampled to 16 kHz; used as source material for synthetic soundscape generation
ESC-50_3-166125-B-23_3.053_4.226_sr16000.wav	ESC-50	Breathing	3-166125-B.ogg	Breathing_scared.wav	Adam_N	http://www.freesound.org/people/Adam_N/sounds/166125/	CC0	cropped/segmented from ESC-50 source audio; resampled to 16 kHz; used as source material for synthetic soundscape generation
ESC-50_4-171706-A-23_0.000_5.000_sr16000.wav	ESC-50	Breathing	4-171706-A.ogg	03897 breath effort loop.wav	Robinhood76	http://www.freesound.org/people/Robinhood76/sounds/171706/	CC-BY-NC	cropped/segmented from ESC-50 source audio; resampled to 16 kHz; used as source material for synthetic soundscape generation
ESC-50_4-176914-A-23_0.000_0.743_sr16000.wav	ESC-50	Breathing	4-176914-A.ogg	double breath 2.wav	mickmon	http://www.freesound.org/people/mickmon/sounds/176914/	CC-BY	cropped/segmented from ESC-50 source audio; resampled to 16 kHz; used as source material for synthetic soundscape generation
ESC-50_4-198025-A-23_0.000_5.000_sr16000.wav	ESC-50	Breathing	4-198025-A.ogg	Breathing	gogo199432	http://www.freesound.org/people/gogo199432/sounds/198025/	CC-BY-NC	cropped/segmented from ESC-50 source audio; resampled to 16 kHz; used as source material for synthetic soundscape generation
ESC-50_4-205526-A-23_0.000_5.000_sr16000.wav	ESC-50	Breathing	4-205526-A.ogg	Breathing.mp3	movethemoon	http://www.freesound.org/people/movethemoon/sounds/205526/	CC0	cropped/segmented from ESC-50 source audio; resampled to 16 kHz; used as source material for synthetic soundscape generation
ESC-50_4-205526-B-23_0.012_5.000_sr16000.wav	ESC-50	Breathing	4-205526-B.ogg	Breathing.mp3	movethemoon	http://www.freesound.org/people/movethemoon/sounds/205526/	CC0	cropped/segmented from ESC-50 source audio; resampled to 16 kHz; used as source material for synthetic soundscape generation
ESC-50_4-207116-A-23_0.000_5.000_sr16000.wav	ESC-50	Breathing	4-207116-A.ogg	man_breathing_asleep.wav	harleto	http://www.freesound.org/people/harleto/sounds/207116/	CC0	cropped/segmented from ESC-50 source audio; resampled to 16 kHz; used as source material for synthetic soundscape generation
ESC-50_4-210000-A-23_0.000_2.078_sr16000.wav	ESC-50	Breathing	4-210000-A.ogg	Man breathing.wav	jason130178	http://www.freesound.org/people/jason130178/sounds/210000/	CC-BY	cropped/segmented from ESC-50 source audio; resampled to 16 kHz; used as source material for synthetic soundscape generation
ESC-50_4-210000-A-23_4.110_5.000_sr16000.wav	ESC-50	Breathing	4-210000-A.ogg	Man breathing.wav	jason130178	http://www.freesound.org/people/jason130178/sounds/210000/	CC-BY	cropped/segmented from ESC-50 source audio; resampled to 16 kHz; used as source material for synthetic soundscape generation
ESC-50_4-210000-B-23_0.000_2.438_sr16000.wav	ESC-50	Breathing	4-210000-B.ogg	Man breathing.wav	jason130178	http://www.freesound.org/people/jason130178/sounds/210000/	CC-BY	cropped/segmented from ESC-50 source audio; resampled to 16 kHz; used as source material for synthetic soundscape generation
ESC-50_4-210000-B-23_4.621_5.000_sr16000.wav	ESC-50	Breathing	4-210000-B.ogg	Man breathing.wav	jason130178	http://www.freesound.org/people/jason130178/sounds/210000/	CC-BY	cropped/segmented from ESC-50 source audio; resampled to 16 kHz; used as source material for synthetic soundscape generation
ESC-50_5-213293-A-23_0.743_2.159_sr16000.wav	ESC-50	Breathing	5-213293-A.ogg	Shaky breaths - frightened scared young lady girl teenager.wav	AderuMoro	http://www.freesound.org/people/AderuMoro/sounds/213293/	CC-BY	cropped/segmented from ESC-50 source audio; resampled to 16 kHz; used as source material for synthetic soundscape generation
ESC-50_5-213293-A-23_2.357_3.495_sr16000.wav	ESC-50	Breathing	5-213293-A.ogg	Shaky breaths - frightened scared young lady girl teenager.wav	AderuMoro	http://www.freesound.org/people/AderuMoro/sounds/213293/	CC-BY	cropped/segmented from ESC-50 source audio; resampled to 16 kHz; used as source material for synthetic soundscape generation
ESC-50_5-213293-A-23_3.715_5.000_sr16000.wav	ESC-50	Breathing	5-213293-A.ogg	Shaky breaths - frightened scared young lady girl teenager.wav	AderuMoro	http://www.freesound.org/people/AderuMoro/sounds/213293/	CC-BY	cropped/segmented from ESC-50 source audio; resampled to 16 kHz; used as source material for synthetic soundscape generation
ESC-50_5-232816-A-23_0.000_5.000_sr16000.wav	ESC-50	Breathing	5-232816-A.ogg	Contained Breath	xavimuse	http://www.freesound.org/people/xavimuse/sounds/232816/	CC0	cropped/segmented from ESC-50 source audio; resampled to 16 kHz; used as source material for synthetic soundscape generation
ESC-50_5-233260-A-23_0.000_5.000_sr16000.wav	ESC-50	Breathing	5-233260-A.ogg	Contained breathing	xavimuse	http://www.freesound.org/people/xavimuse/sounds/233260/	CC0	cropped/segmented from ESC-50 source audio; resampled to 16 kHz; used as source material for synthetic soundscape generation
ESC-50_5-234335-A-23_1.683_3.437_sr16000.wav	ESC-50	Breathing	5-234335-A.ogg	Breath	mcroce	http://www.freesound.org/people/mcroce/sounds/234335/	CC0	cropped/segmented from ESC-50 source audio; resampled to 16 kHz; used as source material for synthetic soundscape generation
ESC-50_5-234335-A-23_3.750_4.284_sr16000.wav	ESC-50	Breathing	5-234335-A.ogg	Breath	mcroce	http://www.freesound.org/people/mcroce/sounds/234335/	CC0	cropped/segmented from ESC-50 source audio; resampled to 16 kHz; used as source material for synthetic soundscape generation
ESC-50_5-234335-A-23_4.493_5.000_sr16000.wav	ESC-50	Breathing	5-234335-A.ogg	Breath	mcroce	http://www.freesound.org/people/mcroce/sounds/234335/	CC0	cropped/segmented from ESC-50 source audio; resampled to 16 kHz; used as source material for synthetic soundscape generation
ESC-50_5-235593-A-23_0.000_5.000_sr16000.wav	ESC-50	Breathing	5-235593-A.ogg	Girl_Heavy_Breathing.wav	tcrocker68	http://www.freesound.org/people/tcrocker68/sounds/235593/	CC0	cropped/segmented from ESC-50 source audio; resampled to 16 kHz; used as source material for synthetic soundscape generation
ESC-50_5-238492-A-23_0.000_2.635_sr16000.wav	ESC-50	Breathing	5-238492-A.ogg	3_Breath sport.wav	mariiao2	http://www.freesound.org/people/mariiao2/sounds/238492/	CC0	cropped/segmented from ESC-50 source audio; resampled to 16 kHz; used as source material for synthetic soundscape generation
ESC-50_5-260164-A-23_0.000_3.541_sr16000.wav	ESC-50	Breathing	5-260164-A.ogg	man breathing 140804_0339.wav	klankbeeld	http://www.freesound.org/people/klankbeeld/sounds/260164/	CC-BY	cropped/segmented from ESC-50 source audio; resampled to 16 kHz; used as source material for synthetic soundscape generation
ESC-50_5-260164-A-23_3.692_5.000_sr16000.wav	ESC-50	Breathing	5-260164-A.ogg	man breathing 140804_0339.wav	klankbeeld	http://www.freesound.org/people/klankbeeld/sounds/260164/	CC-BY	cropped/segmented from ESC-50 source audio; resampled to 16 kHz; used as source material for synthetic soundscape generation
ESC-50_5-261464-A-23_0.000_5.000_sr16000.wav	ESC-50	Breathing	5-261464-A.ogg	Werewolf breathing and sniffing	kd_jack	http://www.freesound.org/people/kd_jack/sounds/261464/	CC0	cropped/segmented from ESC-50 source audio; resampled to 16 kHz; used as source material for synthetic soundscape generation
ESC-50_1-19111-A-24_0.000_0.813_sr16000.wav	ESC-50	Coughing	1-19111-A.ogg	cough1.aiff	Fratz	http://www.freesound.org/people/Fratz/sounds/19111/	CC-BY	cropped/segmented from ESC-50 source audio; resampled to 16 kHz; used as source material for synthetic soundscape generation
ESC-50_1-19118-A-24_0.081_0.557_sr16000.wav	ESC-50	Coughing	1-19118-A.ogg	cough3.aiff	Fratz	http://www.freesound.org/people/Fratz/sounds/19118/	CC-BY	cropped/segmented from ESC-50 source audio; resampled to 16 kHz; used as source material for synthetic soundscape generation
ESC-50_1-30830-A-24_0.000_1.463_sr16000.wav	ESC-50	Coughing	1-30830-A.ogg	girl_coughing.mp3	JollySea	http://www.freesound.org/people/JollySea/sounds/30830/	CC-BY	cropped/segmented from ESC-50 source audio; resampled to 16 kHz; used as source material for synthetic soundscape generation
ESC-50_1-52266-A-24_0.000_1.138_sr16000.wav	ESC-50	Coughing	1-52266-A.ogg	flemmy cough.wav	dparke4	http://www.freesound.org/people/dparke4/sounds/52266/	CC-Sampling+	cropped/segmented from ESC-50 source audio; resampled to 16 kHz; used as source material for synthetic soundscape generation
ESC-50_1-52323-A-24_0.000_0.987_sr16000.wav	ESC-50	Coughing	1-52323-A.ogg	coughing.wav	stephsinger22	http://www.freesound.org/people/stephsinger22/sounds/52323/	CC-Sampling+	cropped/segmented from ESC-50 source audio; resampled to 16 kHz; used as source material for synthetic soundscape generation
ESC-50_1-52323-A-24_1.916_2.798_sr16000.wav	ESC-50	Coughing	1-52323-A.ogg	coughing.wav	stephsinger22	http://www.freesound.org/people/stephsinger22/sounds/52323/	CC-Sampling+	cropped/segmented from ESC-50 source audio; resampled to 16 kHz; used as source material for synthetic soundscape generation
ESC-50_1-53663-A-24_0.000_1.254_sr16000.wav	ESC-50	Coughing	1-53663-A.ogg	cough.wav	crispy527	http://www.freesound.org/people/crispy527/sounds/53663/	CC-Sampling+	cropped/segmented from ESC-50 source audio; resampled to 16 kHz; used as source material for synthetic soundscape generation
ESC-50_1-53663-A-24_1.741_3.251_sr16000.wav	ESC-50	Coughing	1-53663-A.ogg	cough.wav	crispy527	http://www.freesound.org/people/crispy527/sounds/53663/	CC-Sampling+	cropped/segmented from ESC-50 source audio; resampled to 16 kHz; used as source material for synthetic soundscape generation
ESC-50_1-63679-A-24_0.000_1.718_sr16000.wav	ESC-50	Coughing	1-63679-A.ogg	1125coughing.wav	sagetyrtle	http://www.freesound.org/people/sagetyrtle/sounds/63679/	CC0	cropped/segmented from ESC-50 source audio; resampled to 16 kHz; used as source material for synthetic soundscape generation
ESC-50_1-63679-A-24_2.577_3.553_sr16000.wav	ESC-50	Coughing	1-63679-A.ogg	1125coughing.wav	sagetyrtle	http://www.freesound.org/people/sagetyrtle/sounds/63679/	CC0	cropped/segmented from ESC-50 source audio; resampled to 16 kHz; used as source material for synthetic soundscape generation
ESC-50_2-108017-A-24_0.081_2.577_sr16000.wav	ESC-50	Coughing	2-108017-A.ogg	Cough.wav	ErocShadow	http://www.freesound.org/people/ErocShadow/sounds/108017/	CC-Sampling+	cropped/segmented from ESC-50 source audio; resampled to 16 kHz; used as source material for synthetic soundscape generation
ESC-50_2-108017-A-24_2.775_3.982_sr16000.wav	ESC-50	Coughing	2-108017-A.ogg	Cough.wav	ErocShadow	http://www.freesound.org/people/ErocShadow/sounds/108017/	CC-Sampling+	cropped/segmented from ESC-50 source audio; resampled to 16 kHz; used as source material for synthetic soundscape generation
ESC-50_2-123896-A-24_0.000_0.511_sr16000.wav	ESC-50	Coughing	2-123896-A.ogg	cough.wav	Sempoo	http://www.freesound.org/people/Sempoo/sounds/123896/	CC0	cropped/segmented from ESC-50 source audio; resampled to 16 kHz; used as source material for synthetic soundscape generation
ESC-50_2-123896-A-24_0.743_1.115_sr16000.wav	ESC-50	Coughing	2-123896-A.ogg	cough.wav	Sempoo	http://www.freesound.org/people/Sempoo/sounds/123896/	CC0	cropped/segmented from ESC-50 source audio; resampled to 16 kHz; used as source material for synthetic soundscape generation
ESC-50_2-123896-A-24_1.602_2.368_sr16000.wav	ESC-50	Coughing	2-123896-A.ogg	cough.wav	Sempoo	http://www.freesound.org/people/Sempoo/sounds/123896/	CC0	cropped/segmented from ESC-50 source audio; resampled to 16 kHz; used as source material for synthetic soundscape generation
ESC-50_2-85292-A-24_0.000_1.091_sr16000.wav	ESC-50	Coughing	2-85292-A.ogg	file0281 cough.mp3	smokeyvw	http://www.freesound.org/people/smokeyvw/sounds/85292/	CC-BY	cropped/segmented from ESC-50 source audio; resampled to 16 kHz; used as source material for synthetic soundscape generation
ESC-50_2-87412-A-24_0.244_1.741_sr16000.wav	ESC-50	Coughing	2-87412-A.ogg	woman cough.wav	bowlingballout	http://www.freesound.org/people/bowlingballout/sounds/87412/	CC0	cropped/segmented from ESC-50 source audio; resampled to 16 kHz; used as source material for synthetic soundscape generation
ESC-50_2-87794-A-24_0.000_1.068_sr16000.wav	ESC-50	Coughing	2-87794-A.ogg	tos1(16.01.2009).ogg	aneolus	http://www.freesound.org/people/aneolus/sounds/87794/	CC0	cropped/segmented from ESC-50 source audio; resampled to 16 kHz; used as source material for synthetic soundscape generation
ESC-50_2-87795-A-24_0.000_1.393_sr16000.wav	ESC-50	Coughing	2-87795-A.ogg	tos2(16.01.2009).ogg	aneolus	http://www.freesound.org/people/aneolus/sounds/87795/	CC0	cropped/segmented from ESC-50 source audio; resampled to 16 kHz; used as source material for synthetic soundscape generation
ESC-50_2-87799-A-24_0.372_2.148_sr16000.wav	ESC-50	Coughing	2-87799-A.ogg	tos6(16.01.2009).ogg	aneolus	http://www.freesound.org/people/aneolus/sounds/87799/	CC0	cropped/segmented from ESC-50 source audio; resampled to 16 kHz; used as source material for synthetic soundscape generation
ESC-50_2-98676-A-24_0.023_1.161_sr16000.wav	ESC-50	Coughing	2-98676-A.ogg	distant cough.mp3	TheWah	http://www.freesound.org/people/TheWah/sounds/98676/	CC0	cropped/segmented from ESC-50 source audio; resampled to 16 kHz; used as source material for synthetic soundscape generation
ESC-50_3-125418-A-24_0.000_3.158_sr16000.wav	ESC-50	Coughing	3-125418-A.ogg	Man Coughing.wav	jyoung20	http://www.freesound.org/people/jyoung20/sounds/125418/	CC0	cropped/segmented from ESC-50 source audio; resampled to 16 kHz; used as source material for synthetic soundscape generation
ESC-50_3-132601-A-24_0.163_0.964_sr16000.wav	ESC-50	Coughing	3-132601-A.ogg	Cough.wav	CarlosSolano019	http://www.freesound.org/people/CarlosSolano019/sounds/132601/	CC-BY	cropped/segmented from ESC-50 source audio; resampled to 16 kHz; used as source material for synthetic soundscape generation
ESC-50_3-142604-A-24_0.000_0.673_sr16000.wav	ESC-50	Coughing	3-142604-A.ogg	cough1.mp3	loisgwenllian	http://www.freesound.org/people/loisgwenllian/sounds/142604/	CC0	cropped/segmented from ESC-50 source audio; resampled to 16 kHz; used as source material for synthetic soundscape generation
ESC-50_3-142604-A-24_1.602_1.962_sr16000.wav	ESC-50	Coughing	3-142604-A.ogg	cough1.mp3	loisgwenllian	http://www.freesound.org/people/loisgwenllian/sounds/142604/	CC0	cropped/segmented from ESC-50 source audio; resampled to 16 kHz; used as source material for synthetic soundscape generation
ESC-50_3-142604-A-24_3.019_3.332_sr16000.wav	ESC-50	Coughing	3-142604-A.ogg	cough1.mp3	loisgwenllian	http://www.freesound.org/people/loisgwenllian/sounds/142604/	CC0	cropped/segmented from ESC-50 source audio; resampled to 16 kHz; used as source material for synthetic soundscape generation
ESC-50_3-145487-A-24_0.000_0.720_sr16000.wav	ESC-50	Coughing	3-145487-A.ogg	0005 Cough	bmoreno	http://www.freesound.org/people/bmoreno/sounds/145487/	CC-BY	cropped/segmented from ESC-50 source audio; resampled to 16 kHz; used as source material for synthetic soundscape generation
ESC-50_3-146873-A-24_0.104_1.265_sr16000.wav	ESC-50	Coughing	3-146873-A.ogg	Male sick cough	tgfcoder	http://www.freesound.org/people/tgfcoder/sounds/146873/	CC0	cropped/segmented from ESC-50 source audio; resampled to 16 kHz; used as source material for synthetic soundscape generation
ESC-50_3-149042-A-24_0.000_0.395_sr16000.wav	ESC-50	Coughing	3-149042-A.ogg	manCough2.wav	Zabuhailo	http://www.freesound.org/people/Zabuhailo/sounds/149042/	CC-BY	cropped/segmented from ESC-50 source audio; resampled to 16 kHz; used as source material for synthetic soundscape generation
ESC-50_3-151212-A-24_0.081_0.975_sr16000.wav	ESC-50	Coughing	3-151212-A.ogg	Cough (2)	OwlStorm	http://www.freesound.org/people/OwlStorm/sounds/151212/	CC-BY	cropped/segmented from ESC-50 source audio; resampled to 16 kHz; used as source material for synthetic soundscape generation
ESC-50_3-151213-A-24_0.093_0.952_sr16000.wav	ESC-50	Coughing	3-151213-A.ogg	Cough Female	OwlStorm	http://www.freesound.org/people/OwlStorm/sounds/151213/	CC-BY	cropped/segmented from ESC-50 source audio; resampled to 16 kHz; used as source material for synthetic soundscape generation
ESC-50_4-152995-A-24_0.000_2.392_sr16000.wav	ESC-50	Coughing	4-152995-A.ogg	Cough.wav	Nmb910	http://www.freesound.org/people/Nmb910/sounds/152995/	CC-BY	cropped/segmented from ESC-50 source audio; resampled to 16 kHz; used as source material for synthetic soundscape generation
ESC-50_4-154443-A-24_0.023_0.813_sr16000.wav	ESC-50	Coughing	4-154443-A.ogg	Cough 2.wav	ecfike	http://www.freesound.org/people/ecfike/sounds/154443/	CC0	cropped/segmented from ESC-50 source audio; resampled to 16 kHz; used as source material for synthetic soundscape generation
ESC-50_4-155650-A-24_0.186_1.207_sr16000.wav	ESC-50	Coughing	4-155650-A.ogg	Cough	poorenglishjuggler	http://www.freesound.org/people/poorenglishjuggler/sounds/155650/	CC0	cropped/segmented from ESC-50 source audio; resampled to 16 kHz; used as source material for synthetic soundscape generation
ESC-50_4-155650-A-24_1.486_1.800_sr16000.wav	ESC-50	Coughing	4-155650-A.ogg	Cough	poorenglishjuggler	http://www.freesound.org/people/poorenglishjuggler/sounds/155650/	CC0	cropped/segmented from ESC-50 source audio; resampled to 16 kHz; used as source material for synthetic soundscape generation
ESC-50_4-155650-A-24_2.740_3.042_sr16000.wav	ESC-50	Coughing	4-155650-A.ogg	Cough	poorenglishjuggler	http://www.freesound.org/people/poorenglishjuggler/sounds/155650/	CC0	cropped/segmented from ESC-50 source audio; resampled to 16 kHz; used as source material for synthetic soundscape generation
ESC-50_4-155650-A-24_4.632_5.000_sr16000.wav	ESC-50	Coughing	4-155650-A.ogg	Cough	poorenglishjuggler	http://www.freesound.org/people/poorenglishjuggler/sounds/155650/	CC0	cropped/segmented from ESC-50 source audio; resampled to 16 kHz; used as source material for synthetic soundscape generation
ESC-50_4-155650-B-24_0.000_0.789_sr16000.wav	ESC-50	Coughing	4-155650-B.ogg	Cough	poorenglishjuggler	http://www.freesound.org/people/poorenglishjuggler/sounds/155650/	CC0	cropped/segmented from ESC-50 source audio; resampled to 16 kHz; used as source material for synthetic soundscape generation
ESC-50_4-157296-A-24_0.000_2.194_sr16000.wav	ESC-50	Coughing	4-157296-A.ogg	Coughing Cough.wav	husky70	http://www.freesound.org/people/husky70/sounds/157296/	CC0	cropped/segmented from ESC-50 source audio; resampled to 16 kHz; used as source material for synthetic soundscape generation
ESC-50_4-157296-A-24_3.564_5.000_sr16000.wav	ESC-50	Coughing	4-157296-A.ogg	Coughing Cough.wav	husky70	http://www.freesound.org/people/husky70/sounds/157296/	CC0	cropped/segmented from ESC-50 source audio; resampled to 16 kHz; used as source material for synthetic soundscape generation
ESC-50_4-169726-A-24_0.000_0.894_sr16000.wav	ESC-50	Coughing	4-169726-A.ogg	Cough!	qubodup	http://www.freesound.org/people/qubodup/sounds/169726/	CC0	cropped/segmented from ESC-50 source audio; resampled to 16 kHz; used as source material for synthetic soundscape generation
ESC-50_4-171396-A-24_0.000_1.161_sr16000.wav	ESC-50	Coughing	4-171396-A.ogg	Wet Cough	unfa	http://www.freesound.org/people/unfa/sounds/171396/	CC-BY	cropped/segmented from ESC-50 source audio; resampled to 16 kHz; used as source material for synthetic soundscape generation
ESC-50_4-171396-A-24_3.193_3.913_sr16000.wav	ESC-50	Coughing	4-171396-A.ogg	Wet Cough	unfa	http://www.freesound.org/people/unfa/sounds/171396/	CC-BY	cropped/segmented from ESC-50 source audio; resampled to 16 kHz; used as source material for synthetic soundscape generation
ESC-50_4-177835-A-24_0.081_0.882_sr16000.wav	ESC-50	Coughing	4-177835-A.ogg	Cough Funny	unfa	http://www.freesound.org/people/unfa/sounds/177835/	CC-BY	cropped/segmented from ESC-50 source audio; resampled to 16 kHz; used as source material for synthetic soundscape generation
ESC-50_5-178997-A-24_0.000_0.836_sr16000.wav	ESC-50	Coughing	5-178997-A.ogg	Coughing.wav	BIGTexan7213	http://www.freesound.org/people/BIGTexan7213/sounds/178997/	CC-BY	cropped/segmented from ESC-50 source audio; resampled to 16 kHz; used as source material for synthetic soundscape generation
ESC-50_5-178997-A-24_3.251_3.634_sr16000.wav	ESC-50	Coughing	5-178997-A.ogg	Coughing.wav	BIGTexan7213	http://www.freesound.org/people/BIGTexan7213/sounds/178997/	CC-BY	cropped/segmented from ESC-50 source audio; resampled to 16 kHz; used as source material for synthetic soundscape generation
ESC-50_5-184871-A-24_0.221_1.265_sr16000.wav	ESC-50	Coughing	5-184871-A.ogg	coughing	Eelke	http://www.freesound.org/people/Eelke/sounds/184871/	CC0	cropped/segmented from ESC-50 source audio; resampled to 16 kHz; used as source material for synthetic soundscape generation
ESC-50_5-184871-A-24_3.367_4.598_sr16000.wav	ESC-50	Coughing	5-184871-A.ogg	coughing	Eelke	http://www.freesound.org/people/Eelke/sounds/184871/	CC0	cropped/segmented from ESC-50 source audio; resampled to 16 kHz; used as source material for synthetic soundscape generation
ESC-50_5-204604-A-24_0.035_0.789_sr16000.wav	ESC-50	Coughing	5-204604-A.ogg	Cough	pikachu09	http://www.freesound.org/people/pikachu09/sounds/204604/	CC0	cropped/segmented from ESC-50 source audio; resampled to 16 kHz; used as source material for synthetic soundscape generation
ESC-50_5-207681-A-24_0.000_0.662_sr16000.wav	ESC-50	Coughing	5-207681-A.ogg	Cough.mp3	blymannen	http://www.freesound.org/people/blymannen/sounds/207681/	CC-BY-NC	cropped/segmented from ESC-50 source audio; resampled to 16 kHz; used as source material for synthetic soundscape generation
ESC-50_5-207681-A-24_1.509_2.786_sr16000.wav	ESC-50	Coughing	5-207681-A.ogg	Cough.mp3	blymannen	http://www.freesound.org/people/blymannen/sounds/207681/	CC-BY-NC	cropped/segmented from ESC-50 source audio; resampled to 16 kHz; used as source material for synthetic soundscape generation
ESC-50_5-208761-A-24_0.000_0.801_sr16000.wav	ESC-50	Coughing	5-208761-A.ogg	Cough.wav	Harris85	http://www.freesound.org/people/Harris85/sounds/208761/	CC0	cropped/segmented from ESC-50 source audio; resampled to 16 kHz; used as source material for synthetic soundscape generation
ESC-50_5-208761-A-24_1.300_2.194_sr16000.wav	ESC-50	Coughing	5-208761-A.ogg	Cough.wav	Harris85	http://www.freesound.org/people/Harris85/sounds/208761/	CC0	cropped/segmented from ESC-50 source audio; resampled to 16 kHz; used as source material for synthetic soundscape generation
ESC-50_5-208761-A-24_2.961_4.005_sr16000.wav	ESC-50	Coughing	5-208761-A.ogg	Cough.wav	Harris85	http://www.freesound.org/people/Harris85/sounds/208761/	CC0	cropped/segmented from ESC-50 source audio; resampled to 16 kHz; used as source material for synthetic soundscape generation
ESC-50_5-208761-A-24_4.203_4.621_sr16000.wav	ESC-50	Coughing	5-208761-A.ogg	Cough.wav	Harris85	http://www.freesound.org/people/Harris85/sounds/208761/	CC0	cropped/segmented from ESC-50 source audio; resampled to 16 kHz; used as source material for synthetic soundscape generation
ESC-50_5-209719-A-24_0.081_0.488_sr16000.wav	ESC-50	Coughing	5-209719-A.ogg	Cough	Bramdv	http://www.freesound.org/people/Bramdv/sounds/209719/	CC0	cropped/segmented from ESC-50 source audio; resampled to 16 kHz; used as source material for synthetic soundscape generation
ESC-50_5-211197-A-24_0.000_0.592_sr16000.wav	ESC-50	Coughing	5-211197-A.ogg	Real Flu Chest Cold Coughing Male Middle Aged.MP3	squeakyballoon	http://www.freesound.org/people/squeakyballoon/sounds/211197/	CC-BY	cropped/segmented from ESC-50 source audio; resampled to 16 kHz; used as source material for synthetic soundscape generation
ESC-50_5-211197-A-24_1.765_2.682_sr16000.wav	ESC-50	Coughing	5-211197-A.ogg	Real Flu Chest Cold Coughing Male Middle Aged.MP3	squeakyballoon	http://www.freesound.org/people/squeakyballoon/sounds/211197/	CC-BY	cropped/segmented from ESC-50 source audio; resampled to 16 kHz; used as source material for synthetic soundscape generation
ESC-50_5-251489-A-24_0.023_0.673_sr16000.wav	ESC-50	Coughing	5-251489-A.ogg	Cough - young lady.wav	AderuMoro	http://www.freesound.org/people/AderuMoro/sounds/251489/	CC-BY	cropped/segmented from ESC-50 source audio; resampled to 16 kHz; used as source material for synthetic soundscape generation
ESC-50_1-137-A-32_0.000_5.000_sr16000.wav	ESC-50	Keyboard Typing	1-137-A.ogg	keyboard-typing.wav	Anton	http://www.freesound.org/people/Anton/sounds/137/	CC-BY	cropped/segmented from ESC-50 source audio; resampled to 16 kHz; used as source material for synthetic soundscape generation
ESC-50_1-53501-A-32_0.000_2.612_sr16000.wav	ESC-50	Keyboard Typing	1-53501-A.ogg	typing.wav	jennypendel	http://www.freesound.org/people/jennypendel/sounds/53501/	CC-Sampling+	cropped/segmented from ESC-50 source audio; resampled to 16 kHz; used as source material for synthetic soundscape generation
ESC-50_1-61212-A-32_0.012_1.579_sr16000.wav	ESC-50	Keyboard Typing	1-61212-A.ogg	00428 keyboard writing 1.wav	Robinhood76	http://www.freesound.org/people/Robinhood76/sounds/61212/	CC-BY-NC	cropped/segmented from ESC-50 source audio; resampled to 16 kHz; used as source material for synthetic soundscape generation
ESC-50_1-61212-A-32_1.753_4.052_sr16000.wav	ESC-50	Keyboard Typing	1-61212-A.ogg	00428 keyboard writing 1.wav	Robinhood76	http://www.freesound.org/people/Robinhood76/sounds/61212/	CC-BY-NC	cropped/segmented from ESC-50 source audio; resampled to 16 kHz; used as source material for synthetic soundscape generation
ESC-50_1-62594-A-32_0.023_4.992_sr16000.wav	ESC-50	Keyboard Typing	1-62594-A.ogg	Keyboard.wav	bsumusictech	http://www.freesound.org/people/bsumusictech/sounds/62594/	CC0	cropped/segmented from ESC-50 source audio; resampled to 16 kHz; used as source material for synthetic soundscape generation
ESC-50_1-79711-A-32_0.000_5.000_sr16000.wav	ESC-50	Keyboard Typing	1-79711-A.ogg	typing_soft.wav	beckmen	http://www.freesound.org/people/beckmen/sounds/79711/	CC0	cropped/segmented from ESC-50 source audio; resampled to 16 kHz; used as source material for synthetic soundscape generation
ESC-50_1-84393-A-32_0.012_3.007_sr16000.wav	ESC-50	Keyboard Typing	1-84393-A.ogg	keyboard sounf effect.wav	btothedub88	http://www.freesound.org/people/btothedub88/sounds/84393/	CC-Sampling+	cropped/segmented from ESC-50 source audio; resampled to 16 kHz; used as source material for synthetic soundscape generation
ESC-50_1-84393-A-32_3.866_4.923_sr16000.wav	ESC-50	Keyboard Typing	1-84393-A.ogg	keyboard sounf effect.wav	btothedub88	http://www.freesound.org/people/btothedub88/sounds/84393/	CC-Sampling+	cropped/segmented from ESC-50 source audio; resampled to 16 kHz; used as source material for synthetic soundscape generation
ESC-50_1-94231-A-32_0.209_4.946_sr16000.wav	ESC-50	Keyboard Typing	1-94231-A.ogg	Computer Type.wav	gchand1	http://www.freesound.org/people/gchand1/sounds/94231/	CC-Sampling+	cropped/segmented from ESC-50 source audio; resampled to 16 kHz; used as source material for synthetic soundscape generation
ESC-50_1-94231-B-32_0.000_4.946_sr16000.wav	ESC-50	Keyboard Typing	1-94231-B.ogg	Computer Type.wav	gchand1	http://www.freesound.org/people/gchand1/sounds/94231/	CC-Sampling+	cropped/segmented from ESC-50 source audio; resampled to 16 kHz; used as source material for synthetic soundscape generation
ESC-50_2-104168-A-32_0.000_4.911_sr16000.wav	ESC-50	Keyboard Typing	2-104168-A.ogg	keyboard.wav	SpazTastic	http://www.freesound.org/people/SpazTastic/sounds/104168/	CC-Sampling+	cropped/segmented from ESC-50 source audio; resampled to 16 kHz; used as source material for synthetic soundscape generation
ESC-50_2-109316-A-32_0.035_5.000_sr16000.wav	ESC-50	Keyboard Typing	2-109316-A.ogg	Keyboard, writing.wav	Ryding	http://www.freesound.org/people/Ryding/sounds/109316/	CC0	cropped/segmented from ESC-50 source audio; resampled to 16 kHz; used as source material for synthetic soundscape generation
ESC-50_2-118459-A-32_0.000_4.992_sr16000.wav	ESC-50	Keyboard Typing	2-118459-A.ogg	person typing on a computer keyboard.mp3	Omar Alvarado	http://www.freesound.org/people/Omar%20Alvarado/sounds/118459/	CC-BY	cropped/segmented from ESC-50 source audio; resampled to 16 kHz; used as source material for synthetic soundscape generation
ESC-50_2-118459-B-32_0.000_5.000_sr16000.wav	ESC-50	Keyboard Typing	2-118459-B.ogg	person typing on a computer keyboard.mp3	Omar Alvarado	http://www.freesound.org/people/Omar%20Alvarado/sounds/118459/	CC-BY	cropped/segmented from ESC-50 source audio; resampled to 16 kHz; used as source material for synthetic soundscape generation
ESC-50_2-118817-A-32_0.000_5.000_sr16000.wav	ESC-50	Keyboard Typing	2-118817-A.ogg	25_Typing.wav	lmbubec	http://www.freesound.org/people/lmbubec/sounds/118817/	CC0	cropped/segmented from ESC-50 source audio; resampled to 16 kHz; used as source material for synthetic soundscape generation
ESC-50_2-120333-A-32_0.000_5.000_sr16000.wav	ESC-50	Keyboard Typing	2-120333-A.ogg	laptop keyboard.wav	cemagar	http://www.freesound.org/people/cemagar/sounds/120333/	CC-BY	cropped/segmented from ESC-50 source audio; resampled to 16 kHz; used as source material for synthetic soundscape generation
ESC-50_2-99795-A-32_0.023_5.000_sr16000.wav	ESC-50	Keyboard Typing	2-99795-A.ogg	Typing (Desktop).aiff	Zappa_Was_God	http://www.freesound.org/people/Zappa_Was_God/sounds/99795/	CC-BY-NC	cropped/segmented from ESC-50 source audio; resampled to 16 kHz; used as source material for synthetic soundscape generation
ESC-50_2-99796-A-32_0.023_1.242_sr16000.wav	ESC-50	Keyboard Typing	2-99796-A.ogg	Typing (Laptop).aiff	Zappa_Was_God	http://www.freesound.org/people/Zappa_Was_God/sounds/99796/	CC-BY-NC	cropped/segmented from ESC-50 source audio; resampled to 16 kHz; used as source material for synthetic soundscape generation
ESC-50_2-99796-A-32_1.428_4.493_sr16000.wav	ESC-50	Keyboard Typing	2-99796-A.ogg	Typing (Laptop).aiff	Zappa_Was_God	http://www.freesound.org/people/Zappa_Was_God/sounds/99796/	CC-BY-NC	cropped/segmented from ESC-50 source audio; resampled to 16 kHz; used as source material for synthetic soundscape generation
ESC-50_3-125548-A-32_0.023_5.000_sr16000.wav	ESC-50	Keyboard Typing	3-125548-A.ogg	typing.wav	krissyeliot	http://www.freesound.org/people/krissyeliot/sounds/125548/	CC0	cropped/segmented from ESC-50 source audio; resampled to 16 kHz; used as source material for synthetic soundscape generation
ESC-50_3-132830-A-32_0.035_2.415_sr16000.wav	ESC-50	Keyboard Typing	3-132830-A.ogg	Typing.MP3	yiannoui	http://www.freesound.org/people/yiannoui/sounds/132830/	CC0	cropped/segmented from ESC-50 source audio; resampled to 16 kHz; used as source material for synthetic soundscape generation
ESC-50_3-132830-A-32_2.659_4.481_sr16000.wav	ESC-50	Keyboard Typing	3-132830-A.ogg	Typing.MP3	yiannoui	http://www.freesound.org/people/yiannoui/sounds/132830/	CC0	cropped/segmented from ESC-50 source audio; resampled to 16 kHz; used as source material for synthetic soundscape generation
ESC-50_3-144106-A-32_0.000_2.961_sr16000.wav	ESC-50	Keyboard Typing	3-144106-A.ogg	typing_phrase.wav	jwestbury	http://www.freesound.org/people/jwestbury/sounds/144106/	CC-BY	cropped/segmented from ESC-50 source audio; resampled to 16 kHz; used as source material for synthetic soundscape generation
ESC-50_3-144106-A-32_3.111_4.923_sr16000.wav	ESC-50	Keyboard Typing	3-144106-A.ogg	typing_phrase.wav	jwestbury	http://www.freesound.org/people/jwestbury/sounds/144106/	CC-BY	cropped/segmented from ESC-50 source audio; resampled to 16 kHz; used as source material for synthetic soundscape generation
ESC-50_3-144120-A-32_0.023_4.992_sr16000.wav	ESC-50	Keyboard Typing	3-144120-A.ogg	Keyboard Typing	avakas	http://www.freesound.org/people/avakas/sounds/144120/	CC-BY	cropped/segmented from ESC-50 source audio; resampled to 16 kHz; used as source material for synthetic soundscape generation
ESC-50_3-153444-A-32_0.000_0.360_sr16000.wav	ESC-50	Keyboard Typing	3-153444-A.ogg	Angry fast Mac Keyboard Typing.mp3	orginaljun	http://www.freesound.org/people/orginaljun/sounds/153444/	CC-BY	cropped/segmented from ESC-50 source audio; resampled to 16 kHz; used as source material for synthetic soundscape generation
ESC-50_3-153444-A-32_0.731_4.946_sr16000.wav	ESC-50	Keyboard Typing	3-153444-A.ogg	Angry fast Mac Keyboard Typing.mp3	orginaljun	http://www.freesound.org/people/orginaljun/sounds/153444/	CC-BY	cropped/segmented from ESC-50 source audio; resampled to 16 kHz; used as source material for synthetic soundscape generation
ESC-50_3-154781-A-32_0.000_5.000_sr16000.wav	ESC-50	Keyboard Typing	3-154781-A.ogg	Keyboard Typing.wav	jpkweli	http://www.freesound.org/people/jpkweli/sounds/154781/	CC0	cropped/segmented from ESC-50 source audio; resampled to 16 kHz; used as source material for synthetic soundscape generation
ESC-50_3-155568-A-32_0.000_4.145_sr16000.wav	ESC-50	Keyboard Typing	3-155568-A.ogg	Typing External Keyboard 2.wav	BigKahuna360	http://www.freesound.org/people/BigKahuna360/sounds/155568/	CC0	cropped/segmented from ESC-50 source audio; resampled to 16 kHz; used as source material for synthetic soundscape generation
ESC-50_3-155570-A-32_0.000_4.957_sr16000.wav	ESC-50	Keyboard Typing	3-155570-A.ogg	Typing Laptop Keyboard 1.wav	BigKahuna360	http://www.freesound.org/people/BigKahuna360/sounds/155570/	CC0	cropped/segmented from ESC-50 source audio; resampled to 16 kHz; used as source material for synthetic soundscape generation
ESC-50_4-158653-A-32_1.428_2.276_sr16000.wav	ESC-50	Keyboard Typing	4-158653-A.ogg	typing_on_compaq_keyboard.wav	nihilyst	http://www.freesound.org/people/nihilyst/sounds/158653/	CC-BY	cropped/segmented from ESC-50 source audio; resampled to 16 kHz; used as source material for synthetic soundscape generation
ESC-50_4-158653-A-32_2.450_3.947_sr16000.wav	ESC-50	Keyboard Typing	4-158653-A.ogg	typing_on_compaq_keyboard.wav	nihilyst	http://www.freesound.org/people/nihilyst/sounds/158653/	CC-BY	cropped/segmented from ESC-50 source audio; resampled to 16 kHz; used as source material for synthetic soundscape generation
ESC-50_4-167155-A-32_0.000_5.000_sr16000.wav	ESC-50	Keyboard Typing	4-167155-A.ogg	Typing	DSPena	http://www.freesound.org/people/DSPena/sounds/167155/	CC0	cropped/segmented from ESC-50 source audio; resampled to 16 kHz; used as source material for synthetic soundscape generation
ESC-50_4-172180-A-32_0.000_5.000_sr16000.wav	ESC-50	Keyboard Typing	4-172180-A.ogg	keyboard_typing_stream.wav	MathiasR	http://www.freesound.org/people/MathiasR/sounds/172180/	CC-BY-NC	cropped/segmented from ESC-50 source audio; resampled to 16 kHz; used as source material for synthetic soundscape generation
ESC-50_4-172742-A-32_0.000_2.577_sr16000.wav	ESC-50	Keyboard Typing	4-172742-A.ogg	Apple_Keyboard_2.wav	coldwellw	http://www.freesound.org/people/coldwellw/sounds/172742/	CC-BY	cropped/segmented from ESC-50 source audio; resampled to 16 kHz; used as source material for synthetic soundscape generation
ESC-50_4-177243-A-32_0.000_5.000_sr16000.wav	ESC-50	Keyboard Typing	4-177243-A.ogg	Binaural keyboard touch-typing.wav	d_mcd	http://www.freesound.org/people/d_mcd/sounds/177243/	CC0	cropped/segmented from ESC-50 source audio; resampled to 16 kHz; used as source material for synthetic soundscape generation
ESC-50_4-181707-A-32_0.000_0.453_sr16000.wav	ESC-50	Keyboard Typing	4-181707-A.ogg	keyboarding1.wav	keweldog	http://www.freesound.org/people/keweldog/sounds/181707/	CC0	cropped/segmented from ESC-50 source audio; resampled to 16 kHz; used as source material for synthetic soundscape generation
ESC-50_4-181707-A-32_0.859_1.242_sr16000.wav	ESC-50	Keyboard Typing	4-181707-A.ogg	keyboarding1.wav	keweldog	http://www.freesound.org/people/keweldog/sounds/181707/	CC0	cropped/segmented from ESC-50 source audio; resampled to 16 kHz; used as source material for synthetic soundscape generation
ESC-50_4-181707-A-32_1.533_3.448_sr16000.wav	ESC-50	Keyboard Typing	4-181707-A.ogg	keyboarding1.wav	keweldog	http://www.freesound.org/people/keweldog/sounds/181707/	CC0	cropped/segmented from ESC-50 source audio; resampled to 16 kHz; used as source material for synthetic soundscape generation
ESC-50_4-181707-A-32_3.680_4.505_sr16000.wav	ESC-50	Keyboard Typing	4-181707-A.ogg	keyboarding1.wav	keweldog	http://www.freesound.org/people/keweldog/sounds/181707/	CC0	cropped/segmented from ESC-50 source audio; resampled to 16 kHz; used as source material for synthetic soundscape generation
ESC-50_4-181707-A-32_4.667_4.969_sr16000.wav	ESC-50	Keyboard Typing	4-181707-A.ogg	keyboarding1.wav	keweldog	http://www.freesound.org/people/keweldog/sounds/181707/	CC0	cropped/segmented from ESC-50 source audio; resampled to 16 kHz; used as source material for synthetic soundscape generation
ESC-50_4-181708-A-32_0.383_3.065_sr16000.wav	ESC-50	Keyboard Typing	4-181708-A.ogg	keyboarding2.wav	keweldog	http://www.freesound.org/people/keweldog/sounds/181708/	CC0	cropped/segmented from ESC-50 source audio; resampled to 16 kHz; used as source material for synthetic soundscape generation
ESC-50_4-181708-A-32_3.413_4.923_sr16000.wav	ESC-50	Keyboard Typing	4-181708-A.ogg	keyboarding2.wav	keweldog	http://www.freesound.org/people/keweldog/sounds/181708/	CC0	cropped/segmented from ESC-50 source audio; resampled to 16 kHz; used as source material for synthetic soundscape generation
ESC-50_4-185613-A-32_0.023_5.000_sr16000.wav	ESC-50	Keyboard Typing	4-185613-A.ogg	Computer Keyboard Typing	AldebaranCW	http://www.freesound.org/people/AldebaranCW/sounds/185613/	CC0	cropped/segmented from ESC-50 source audio; resampled to 16 kHz; used as source material for synthetic soundscape generation
ESC-50_5-205090-A-32_0.023_5.000_sr16000.wav	ESC-50	Keyboard Typing	5-205090-A.ogg	Typing 2.WAV	jadend2	http://www.freesound.org/people/jadend2/sounds/205090/	CC0	cropped/segmented from ESC-50 source audio; resampled to 16 kHz; used as source material for synthetic soundscape generation
ESC-50_5-215005-A-32_0.000_2.438_sr16000.wav	ESC-50	Keyboard Typing	5-215005-A.ogg	Computer Dell Keyboard Typing.wav	EthanolProductions	http://www.freesound.org/people/EthanolProductions/sounds/215005/	CC0	cropped/segmented from ESC-50 source audio; resampled to 16 kHz; used as source material for synthetic soundscape generation
ESC-50_5-215005-A-32_2.635_3.158_sr16000.wav	ESC-50	Keyboard Typing	5-215005-A.ogg	Computer Dell Keyboard Typing.wav	EthanolProductions	http://www.freesound.org/people/EthanolProductions/sounds/215005/	CC0	cropped/segmented from ESC-50 source audio; resampled to 16 kHz; used as source material for synthetic soundscape generation
ESC-50_5-215005-A-32_3.564_4.690_sr16000.wav	ESC-50	Keyboard Typing	5-215005-A.ogg	Computer Dell Keyboard Typing.wav	EthanolProductions	http://www.freesound.org/people/EthanolProductions/sounds/215005/	CC0	cropped/segmented from ESC-50 source audio; resampled to 16 kHz; used as source material for synthetic soundscape generation
ESC-50_5-216131-A-32_0.046_5.000_sr16000.wav	ESC-50	Keyboard Typing	5-216131-A.ogg	keyboard3.aif	hukleesyr	http://www.freesound.org/people/hukleesyr/sounds/216131/	CC-BY	cropped/segmented from ESC-50 source audio; resampled to 16 kHz; used as source material for synthetic soundscape generation
ESC-50_5-222894-A-32_0.116_4.412_sr16000.wav	ESC-50	Keyboard Typing	5-222894-A.ogg	Typing	SkepticDosh	http://www.freesound.org/people/SkepticDosh/sounds/222894/	CC-BY	cropped/segmented from ESC-50 source audio; resampled to 16 kHz; used as source material for synthetic soundscape generation
ESC-50_5-222894-A-32_4.563_5.000_sr16000.wav	ESC-50	Keyboard Typing	5-222894-A.ogg	Typing	SkepticDosh	http://www.freesound.org/people/SkepticDosh/sounds/222894/	CC-BY	cropped/segmented from ESC-50 source audio; resampled to 16 kHz; used as source material for synthetic soundscape generation
ESC-50_5-223099-A-32_0.569_1.486_sr16000.wav	ESC-50	Keyboard Typing	5-223099-A.ogg	Keyboard type and mouse click.WAV	beansqueso31	http://www.freesound.org/people/beansqueso31/sounds/223099/	CC0	cropped/segmented from ESC-50 source audio; resampled to 16 kHz; used as source material for synthetic soundscape generation
ESC-50_5-223099-A-32_1.649_4.865_sr16000.wav	ESC-50	Keyboard Typing	5-223099-A.ogg	Keyboard type and mouse click.WAV	beansqueso31	http://www.freesound.org/people/beansqueso31/sounds/223099/	CC0	cropped/segmented from ESC-50 source audio; resampled to 16 kHz; used as source material for synthetic soundscape generation
ESC-50_5-223099-B-32_0.464_1.057_sr16000.wav	ESC-50	Keyboard Typing	5-223099-B.ogg	Keyboard type and mouse click.WAV	beansqueso31	http://www.freesound.org/people/beansqueso31/sounds/223099/	CC0	cropped/segmented from ESC-50 source audio; resampled to 16 kHz; used as source material for synthetic soundscape generation
ESC-50_5-223099-B-32_1.289_4.644_sr16000.wav	ESC-50	Keyboard Typing	5-223099-B.ogg	Keyboard type and mouse click.WAV	beansqueso31	http://www.freesound.org/people/beansqueso31/sounds/223099/	CC0	cropped/segmented from ESC-50 source audio; resampled to 16 kHz; used as source material for synthetic soundscape generation
ESC-50_5-234923-A-32_0.000_5.000_sr16000.wav	ESC-50	Keyboard Typing	5-234923-A.ogg	Mechanical Keyboard Typing	Nmb910	http://www.freesound.org/people/Nmb910/sounds/234923/	CC0	cropped/segmented from ESC-50 source audio; resampled to 16 kHz; used as source material for synthetic soundscape generation
ESC-50_5-244178-A-32_0.012_0.580_sr16000.wav	ESC-50	Keyboard Typing	5-244178-A.ogg	Keyboard Typing	Snapper4298	http://www.freesound.org/people/Snapper4298/sounds/244178/	CC-BY	cropped/segmented from ESC-50 source audio; resampled to 16 kHz; used as source material for synthetic soundscape generation
ESC-50_5-244178-A-32_0.731_3.495_sr16000.wav	ESC-50	Keyboard Typing	5-244178-A.ogg	Keyboard Typing	Snapper4298	http://www.freesound.org/people/Snapper4298/sounds/244178/	CC-BY	cropped/segmented from ESC-50 source audio; resampled to 16 kHz; used as source material for synthetic soundscape generation
ESC-50_5-244178-A-32_4.075_4.981_sr16000.wav	ESC-50	Keyboard Typing	5-244178-A.ogg	Keyboard Typing	Snapper4298	http://www.freesound.org/people/Snapper4298/sounds/244178/	CC-BY	cropped/segmented from ESC-50 source audio; resampled to 16 kHz; used as source material for synthetic soundscape generation
ESC-50_1-21934-A-38_0.023_4.992_sr16000.wav	ESC-50	Clock Ticking	1-21934-A.ogg	20060810.peters.clock.01.flac	dobroide	http://www.freesound.org/people/dobroide/sounds/21934/	CC-BY	noise-reduced; cropped/segmented from ESC-50 source audio; resampled to 16 kHz; used as source material for synthetic soundscape generation
ESC-50_1-21935-A-38_0.012_4.923_sr16000.wav	ESC-50	Clock Ticking	1-21935-A.ogg	20060810.peters.clock.02.flac	dobroide	http://www.freesound.org/people/dobroide/sounds/21935/	CC-BY	noise-reduced; cropped/segmented from ESC-50 source audio; resampled to 16 kHz; used as source material for synthetic soundscape generation
ESC-50_1-35687-A-38_0.000_5.000_sr16000.wav	ESC-50	Clock Ticking	1-35687-A.ogg	Clock-grandfather-ticks & striking once.MP3	Bansemer	http://www.freesound.org/people/Bansemer/sounds/35687/	CC0	noise-reduced; cropped/segmented from ESC-50 source audio; resampled to 16 kHz; used as source material for synthetic soundscape generation
ESC-50_1-42139-A-38_0.000_5.000_sr16000.wav	ESC-50	Clock Ticking	1-42139-A.ogg	Old Scots Clock - Ticking.wav	fauxpress	http://www.freesound.org/people/fauxpress/sounds/42139/	CC0	noise-reduced; cropped/segmented from ESC-50 source audio; resampled to 16 kHz; used as source material for synthetic soundscape generation
ESC-50_1-48413-A-38_0.023_5.000_sr16000.wav	ESC-50	Clock Ticking	1-48413-A.ogg	clock.wav	cynical	http://www.freesound.org/people/cynical/sounds/48413/	CC0	noise-reduced; cropped/segmented from ESC-50 source audio; resampled to 16 kHz; used as source material for synthetic soundscape generation
ESC-50_1-57163-A-38_0.000_4.911_sr16000.wav	ESC-50	Clock Ticking	1-57163-A.ogg	delphis CLOCK FX LOOP 5.wav	delphidebrain	http://www.freesound.org/people/delphidebrain/sounds/57163/	CC-BY	noise-reduced; cropped/segmented from ESC-50 source audio; resampled to 16 kHz; used as source material for synthetic soundscape generation
ESC-50_1-62849-A-38_0.279_4.423_sr16000.wav	ESC-50	Clock Ticking	1-62849-A.ogg	clock_tick_close.wav	life_interconnected	http://www.freesound.org/people/life_interconnected/sounds/62849/	CC0	noise-reduced; cropped/segmented from ESC-50 source audio; resampled to 16 kHz; used as source material for synthetic soundscape generation
ESC-50_1-62850-A-38_0.116_5.000_sr16000.wav	ESC-50	Clock Ticking	1-62850-A.ogg	clock_tick_realistic.wav	life_interconnected	http://www.freesound.org/people/life_interconnected/sounds/62850/	CC0	noise-reduced; cropped/segmented from ESC-50 source audio; resampled to 16 kHz; used as source material for synthetic soundscape generation
ESC-50_2-119748-A-38_0.290_4.946_sr16000.wav	ESC-50	Clock Ticking	2-119748-A.ogg	Clock Tickinging.wav	jesabat	http://www.freesound.org/people/jesabat/sounds/119748/	CC-BY	noise-reduced; cropped/segmented from ESC-50 source audio; resampled to 16 kHz; used as source material for synthetic soundscape generation
ESC-50_2-127108-A-38_0.000_4.946_sr16000.wav	ESC-50	Clock Ticking	2-127108-A.ogg	grandfather_clock_ticking_60_seconds.wav	joedeshon	http://www.freesound.org/people/joedeshon/sounds/127108/	CC-BY	noise-reduced; cropped/segmented from ESC-50 source audio; resampled to 16 kHz; used as source material for synthetic soundscape generation
ESC-50_2-131943-A-38_0.000_5.000_sr16000.wav	ESC-50	Clock Ticking	2-131943-A.ogg	Wind up clock with twin bell alarm	AngryAdam	http://www.freesound.org/people/AngryAdam/sounds/131943/	CC0	noise-reduced; cropped/segmented from ESC-50 source audio; resampled to 16 kHz; used as source material for synthetic soundscape generation
ESC-50_2-134700-A-38_0.186_5.000_sr16000.wav	ESC-50	Clock Ticking	2-134700-A.ogg	wall clock tw2.WAV	Setuniman	http://www.freesound.org/people/Setuniman/sounds/134700/	CC-BY	noise-reduced; cropped/segmented from ESC-50 source audio; resampled to 16 kHz; used as source material for synthetic soundscape generation
ESC-50_2-135728-A-38_0.000_5.000_sr16000.wav	ESC-50	Clock Ticking	2-135728-A.ogg	tickende-uhr-fewo-leipzig.wav	massenbachhausen	http://www.freesound.org/people/massenbachhausen/sounds/135728/	CC-BY	noise-reduced; cropped/segmented from ESC-50 source audio; resampled to 16 kHz; used as source material for synthetic soundscape generation
ESC-50_2-140147-A-38_0.000_4.923_sr16000.wav	ESC-50	Clock Ticking	2-140147-A.ogg	Mantel Clock Tickinging.wav	Tewkesound	http://www.freesound.org/people/Tewkesound/sounds/140147/	CC-BY	noise-reduced; cropped/segmented from ESC-50 source audio; resampled to 16 kHz; used as source material for synthetic soundscape generation
ESC-50_2-141584-A-38_0.464_4.563_sr16000.wav	ESC-50	Clock Ticking	2-141584-A.ogg	Plastic Quartz Clock Ticking	MentalSanityOff	http://www.freesound.org/people/MentalSanityOff/sounds/141584/	CC0	noise-reduced; cropped/segmented from ESC-50 source audio; resampled to 16 kHz; used as source material for synthetic soundscape generation
ESC-50_2-88724-A-38_0.395_5.000_sr16000.wav	ESC-50	Clock Ticking	2-88724-A.ogg	Cuckoo Clock-Twelve Noon.wav	lonemonk	http://www.freesound.org/people/lonemonk/sounds/88724/	CC-BY	noise-reduced; cropped/segmented from ESC-50 source audio; resampled to 16 kHz; used as source material for synthetic soundscape generation
ESC-50_3-142593-A-38_0.035_5.000_sr16000.wav	ESC-50	Clock Ticking	3-142593-A.ogg	Ticking.aif	timgormly	http://www.freesound.org/people/timgormly/sounds/142593/	CC0	noise-reduced; cropped/segmented from ESC-50 source audio; resampled to 16 kHz; used as source material for synthetic soundscape generation
ESC-50_3-143933-A-38_0.000_5.000_sr16000.wav	ESC-50	Clock Ticking	3-143933-A.ogg	clock.wav	wentzelj	http://www.freesound.org/people/wentzelj/sounds/143933/	CC0	noise-reduced; cropped/segmented from ESC-50 source audio; resampled to 16 kHz; used as source material for synthetic soundscape generation
ESC-50_3-150363-A-38_0.012_4.992_sr16000.wav	ESC-50	Clock Ticking	3-150363-A.ogg	GB_wall.flac	Zbylut	http://www.freesound.org/people/Zbylut/sounds/150363/	CC0	noise-reduced; cropped/segmented from ESC-50 source audio; resampled to 16 kHz; used as source material for synthetic soundscape generation
ESC-50_3-164688-A-38_0.058_4.876_sr16000.wav	ESC-50	Clock Ticking	3-164688-A.ogg	Ticking_clock.wav	Adam_N	http://www.freesound.org/people/Adam_N/sounds/164688/	CC0	noise-reduced; cropped/segmented from ESC-50 source audio; resampled to 16 kHz; used as source material for synthetic soundscape generation
ESC-50_3-170377-A-38_0.406_4.551_sr16000.wav	ESC-50	Clock Ticking	3-170377-A.ogg	TicTac of a wall clock	felix.blume	http://www.freesound.org/people/felix.blume/sounds/170377/	CC0	noise-reduced; cropped/segmented from ESC-50 source audio; resampled to 16 kHz; used as source material for synthetic soundscape generation
ESC-50_3-170383-A-38_0.093_5.000_sr16000.wav	ESC-50	Clock Ticking	3-170383-A.ogg	Cuckoo clock	finalCrystine	http://www.freesound.org/people/finalCrystine/sounds/170383/	CC0	noise-reduced; cropped/segmented from ESC-50 source audio; resampled to 16 kHz; used as source material for synthetic soundscape generation
ESC-50_3-171012-A-38_0.464_4.551_sr16000.wav	ESC-50	Clock Ticking	3-171012-A.ogg	Tick 3.aif	Goup_1	http://www.freesound.org/people/Goup_1/sounds/171012/	CC-BY	noise-reduced; cropped/segmented from ESC-50 source audio; resampled to 16 kHz; used as source material for synthetic soundscape generation
ESC-50_3-171041-A-38_0.000_5.000_sr16000.wav	ESC-50	Clock Ticking	3-171041-A.ogg	"Old Electromechanical Clock Tickinging ""Yantar"".wav"	ST303	http://www.freesound.org/people/ST303/sounds/171041/	CC0	noise-reduced; cropped/segmented from ESC-50 source audio; resampled to 16 kHz; used as source material for synthetic soundscape generation
ESC-50_4-175945-A-38_0.023_5.000_sr16000.wav	ESC-50	Clock Ticking	4-175945-A.ogg	TimerRecording.wav	Ovaltine Vortex	http://www.freesound.org/people/Ovaltine%20Vortex/sounds/175945/	CC0	noise-reduced; cropped/segmented from ESC-50 source audio; resampled to 16 kHz; used as source material for synthetic soundscape generation
ESC-50_4-179984-A-38_0.871_4.865_sr16000.wav	ESC-50	Clock Ticking	4-179984-A.ogg	Ansonia Clock Strikes 11	kangaroovindaloo	http://www.freesound.org/people/kangaroovindaloo/sounds/179984/	CC0	noise-reduced; cropped/segmented from ESC-50 source audio; resampled to 16 kHz; used as source material for synthetic soundscape generation
ESC-50_4-181035-A-38_0.093_4.296_sr16000.wav	ESC-50	Clock Ticking	4-181035-A.ogg	Tick Tock Clock - Close Mic.wav	Toby_Crane	http://www.freesound.org/people/Toby_Crane/sounds/181035/	CC-BY	noise-reduced; cropped/segmented from ESC-50 source audio; resampled to 16 kHz; used as source material for synthetic soundscape generation
ESC-50_4-181865-A-38_0.023_5.000_sr16000.wav	ESC-50	Clock Ticking	4-181865-A.ogg	Ticking Clock	LeoDeSafo	http://www.freesound.org/people/LeoDeSafo/sounds/181865/	CC0	noise-reduced; cropped/segmented from ESC-50 source audio; resampled to 16 kHz; used as source material for synthetic soundscape generation
ESC-50_4-188033-A-38_0.139_4.249_sr16000.wav	ESC-50	Clock Ticking	4-188033-A.ogg	Ticking Clock	AntumDeluge	http://www.freesound.org/people/AntumDeluge/sounds/188033/	CC0	noise-reduced; cropped/segmented from ESC-50 source audio; resampled to 16 kHz; used as source material for synthetic soundscape generation
ESC-50_4-191327-A-38_0.348_4.528_sr16000.wav	ESC-50	Clock Ticking	4-191327-A.ogg	TICKTOCK.wav	needforsuv	http://www.freesound.org/people/needforsuv/sounds/191327/	CC0	noise-reduced; cropped/segmented from ESC-50 source audio; resampled to 16 kHz; used as source material for synthetic soundscape generation
ESC-50_4-194711-A-38_0.023_4.957_sr16000.wav	ESC-50	Clock Ticking	4-194711-A.ogg	Old 60s soviet Clock Tickinging	doxent	http://www.freesound.org/people/doxent/sounds/194711/	CC-BY	noise-reduced; cropped/segmented from ESC-50 source audio; resampled to 16 kHz; used as source material for synthetic soundscape generation
ESC-50_4-198965-A-38_0.023_5.000_sr16000.wav	ESC-50	Clock Ticking	4-198965-A.ogg	mantelclock.wav	photog123	http://www.freesound.org/people/photog123/sounds/198965/	CC0	noise-reduced; cropped/segmented from ESC-50 source audio; resampled to 16 kHz; used as source material for synthetic soundscape generation
ESC-50_5-201194-A-38_0.000_4.934_sr16000.wav	ESC-50	Clock Ticking	5-201194-A.ogg	Mechanical Clock Tickinging	opticalnoise	http://www.freesound.org/people/opticalnoise/sounds/201194/	CC-BY	noise-reduced; cropped/segmented from ESC-50 source audio; resampled to 16 kHz; used as source material for synthetic soundscape generation
ESC-50_5-208624-A-38_0.232_4.888_sr16000.wav	ESC-50	Clock Ticking	5-208624-A.ogg	Old Clock Tickinging	LanDub	http://www.freesound.org/people/LanDub/sounds/208624/	CC0	noise-reduced; cropped/segmented from ESC-50 source audio; resampled to 16 kHz; used as source material for synthetic soundscape generation
ESC-50_5-209698-A-38_0.174_5.000_sr16000.wav	ESC-50	Clock Ticking	5-209698-A.ogg	Analog Timer	EagleStealthTeam	http://www.freesound.org/people/EagleStealthTeam/sounds/209698/	CC0	noise-reduced; cropped/segmented from ESC-50 source audio; resampled to 16 kHz; used as source material for synthetic soundscape generation
ESC-50_5-209833-A-38_0.128_4.992_sr16000.wav	ESC-50	Clock Ticking	5-209833-A.ogg	Old Clock Ticking Tock	spaceemotion	http://www.freesound.org/people/spaceemotion/sounds/209833/	CC-BY	noise-reduced; cropped/segmented from ESC-50 source audio; resampled to 16 kHz; used as source material for synthetic soundscape generation
ESC-50_5-210571-A-38_0.221_4.377_sr16000.wav	ESC-50	Clock Ticking	5-210571-A.ogg	wall_clock.wav	Sclolex	http://www.freesound.org/people/Sclolex/sounds/210571/	CC0	noise-reduced; cropped/segmented from ESC-50 source audio; resampled to 16 kHz; used as source material for synthetic soundscape generation
ESC-50_5-212181-A-38_0.244_4.389_sr16000.wav	ESC-50	Clock Ticking	5-212181-A.ogg	Loopable Ticking Clock	OwlStorm	http://www.freesound.org/people/OwlStorm/sounds/212181/	CC-BY	noise-reduced; cropped/segmented from ESC-50 source audio; resampled to 16 kHz; used as source material for synthetic soundscape generation
ESC-50_5-219342-A-38_0.697_4.899_sr16000.wav	ESC-50	Clock Ticking	5-219342-A.ogg	clock.wav	fatbass	http://www.freesound.org/people/fatbass/sounds/219342/	CC0	noise-reduced; cropped/segmented from ESC-50 source audio; resampled to 16 kHz; used as source material for synthetic soundscape generation
ESC-50_5-235671-A-38_0.000_5.000_sr16000.wav	ESC-50	Clock Ticking	5-235671-A.ogg	Clock Ticking.aif	gpenn76	http://www.freesound.org/people/gpenn76/sounds/235671/	CC-BY	noise-reduced; cropped/segmented from ESC-50 source audio; resampled to 16 kHz; used as source material for synthetic soundscape generation
